Mesh1,Mesh2,Overlap Fraction
G360.stl,G362.stl,0.9915225500169549
G300.stl,G302.stl,0.9803921568627451
G320.stl,G322.stl,0.9720300751879699
G340.stl,G342.stl,0.9714648065948003
G301.stl,G303.stl,0.7758295117345563
G306.stl,G308.stl,0.7111593059936908
